"id","FirstName","LastName","Gender","age","City","empId","dob"
"3","Mary","kim","F","20","London","130",
"4","Ali","Kir","M","30","Sydney","110",
"10A","sara","zam","F","23","New York","455",
"7","sara","jam","F","23","New York","455",
"9","Alec","jam","M","23",,"120",
"11","Alec","jam","M","23",,"120",
"12","Adam","joke","M","23","Los Angeles","120","1990-06-23"
"13","Alec","jam","M","23","Lahore","120",
"14","Jane","jam","F","23","Rome","120",
"15","Jane","jam","F","23","Dubai","120",
"16","zam","jam","F","23","Istanbul","150",
"17","Alina","jam","F","23","Istanbul","150","1990-02-26"
"18","Azizi","jam","M","23","Istanbul","150","2002-02-26"
"19","Afzal","jam","M","23","Istanbul","150","2002-04-26"
"20","Gulab","jam","F","23","Istanbul","150","2002-02-26"
"105","asghar","Nazir",,"25","Dubai",,
"106","Asghar","Nazir",,"25","Dubai",,
"109","Asghar","Nazir",,"25","Dubai",,
